<annotation>
	<folder>train</folder>
	<filename>portable_generator1132.jpg</filename>
	<path>D:\GitHub\Meturone\Meturone\UORG\Object Detection\portable_generator\train\portable_generator1132.jpg</path>
	<source>
		<database>Unknown</database>
	</source>
	<size>
		<width>512</width>
		<height>512</height>
		<depth>3</depth>
	</size>
	<segmented>0</segmented>
	<object>
		<name>portable_generator</name>
		<pose>Unspecified</pose>
		<truncated>0</truncated>
		<difficult>0</difficult>
		<bndbox>
			<xmin>221</xmin>
			<ymin>70</ymin>
			<xmax>286</xmax>
			<ymax>171</ymax>
		</bndbox>
	</object>
	<object>
		<name>portable_generator</name>
		<pose>Unspecified</pose>
		<truncated>0</truncated>
		<difficult>0</difficult>
		<bndbox>
			<xmin>227</xmin>
			<ymin>220</ymin>
			<xmax>335</xmax>
			<ymax>380</ymax>
		</bndbox>
	</object>
	<object>
		<name>portable_generator</name>
		<pose>Unspecified</pose>
		<truncated>1</truncated>
		<difficult>0</difficult>
		<bndbox>
			<xmin>240</xmin>
			<ymin>396</ymin>
			<xmax>335</xmax>
			<ymax>512</ymax>
		</bndbox>
	</object>
	<object>
		<name>portable_generator</name>
		<pose>Unspecified</pose>
		<truncated>1</truncated>
		<difficult>0</difficult>
		<bndbox>
			<xmin>144</xmin>
			<ymin>411</ymin>
			<xmax>240</xmax>
			<ymax>512</ymax>
		</bndbox>
	</object>
</annotation>
