<annotation>
	<folder>train</folder>
	<filename>portable_generator1540.jpg</filename>
	<path>D:\GitHub\Meturone\Meturone\UORG\Object Detection\portable_generator\train\portable_generator1540.jpg</path>
	<source>
		<database>Unknown</database>
	</source>
	<size>
		<width>512</width>
		<height>512</height>
		<depth>3</depth>
	</size>
	<segmented>0</segmented>
	<object>
		<name>portable_generator</name>
		<pose>Unspecified</pose>
		<truncated>0</truncated>
		<difficult>0</difficult>
		<bndbox>
			<xmin>48</xmin>
			<ymin>185</ymin>
			<xmax>257</xmax>
			<ymax>468</ymax>
		</bndbox>
	</object>
	<object>
		<name>portable_generator</name>
		<pose>Unspecified</pose>
		<truncated>0</truncated>
		<difficult>0</difficult>
		<bndbox>
			<xmin>267</xmin>
			<ymin>216</ymin>
			<xmax>335</xmax>
			<ymax>327</ymax>
		</bndbox>
	</object>
	<object>
		<name>portable_generator</name>
		<pose>Unspecified</pose>
		<truncated>0</truncated>
		<difficult>0</difficult>
		<bndbox>
			<xmin>392</xmin>
			<ymin>215</ymin>
			<xmax>438</xmax>
			<ymax>265</ymax>
		</bndbox>
	</object>
	<object>
		<name>portable_generator</name>
		<pose>Unspecified</pose>
		<truncated>0</truncated>
		<difficult>0</difficult>
		<bndbox>
			<xmin>455</xmin>
			<ymin>208</ymin>
			<xmax>509</xmax>
			<ymax>279</ymax>
		</bndbox>
	</object>
</annotation>
