<annotation>
	<folder>dataset</folder>
	<filename>portable_generator763.png</filename>
	<path>D:\GitHub\Meturone\Meturone\UORG\Object Detection\dataset\portable_generator763.png</path>
	<source>
		<database>Unknown</database>
	</source>
	<size>
		<width>512</width>
		<height>512</height>
		<depth>3</depth>
	</size>
	<segmented>0</segmented>
	<object>
		<name>portable_generator</name>
		<pose>Unspecified</pose>
		<truncated>0</truncated>
		<difficult>0</difficult>
		<bndbox>
			<xmin>37</xmin>
			<ymin>90</ymin>
			<xmax>412</xmax>
			<ymax>488</ymax>
		</bndbox>
	</object>
</annotation>
