<annotation>
	<folder>train</folder>
	<filename>portable_generator1357.jpg</filename>
	<path>D:\GitHub\Meturone\Meturone\UORG\Object Detection\portable_generator\train\portable_generator1357.jpg</path>
	<source>
		<database>Unknown</database>
	</source>
	<size>
		<width>512</width>
		<height>512</height>
		<depth>3</depth>
	</size>
	<segmented>0</segmented>
	<object>
		<name>portable_generator</name>
		<pose>Unspecified</pose>
		<truncated>0</truncated>
		<difficult>0</difficult>
		<bndbox>
			<xmin>43</xmin>
			<ymin>145</ymin>
			<xmax>143</xmax>
			<ymax>250</ymax>
		</bndbox>
	</object>
	<object>
		<name>portable_generator</name>
		<pose>Unspecified</pose>
		<truncated>0</truncated>
		<difficult>0</difficult>
		<bndbox>
			<xmin>179</xmin>
			<ymin>138</ymin>
			<xmax>272</xmax>
			<ymax>245</ymax>
		</bndbox>
	</object>
	<object>
		<name>portable_generator</name>
		<pose>Unspecified</pose>
		<truncated>0</truncated>
		<difficult>0</difficult>
		<bndbox>
			<xmin>299</xmin>
			<ymin>141</ymin>
			<xmax>384</xmax>
			<ymax>244</ymax>
		</bndbox>
	</object>
	<object>
		<name>portable_generator</name>
		<pose>Unspecified</pose>
		<truncated>0</truncated>
		<difficult>0</difficult>
		<bndbox>
			<xmin>381</xmin>
			<ymin>142</ymin>
			<xmax>473</xmax>
			<ymax>238</ymax>
		</bndbox>
	</object>
	<object>
		<name>portable_generator</name>
		<pose>Unspecified</pose>
		<truncated>0</truncated>
		<difficult>0</difficult>
		<bndbox>
			<xmin>170</xmin>
			<ymin>317</ymin>
			<xmax>267</xmax>
			<ymax>445</ymax>
		</bndbox>
	</object>
	<object>
		<name>portable_generator</name>
		<pose>Unspecified</pose>
		<truncated>0</truncated>
		<difficult>0</difficult>
		<bndbox>
			<xmin>53</xmin>
			<ymin>332</ymin>
			<xmax>146</xmax>
			<ymax>452</ymax>
		</bndbox>
	</object>
	<object>
		<name>portable_generator</name>
		<pose>Unspecified</pose>
		<truncated>1</truncated>
		<difficult>0</difficult>
		<bndbox>
			<xmin>1</xmin>
			<ymin>315</ymin>
			<xmax>67</xmax>
			<ymax>462</ymax>
		</bndbox>
	</object>
	<object>
		<name>portable_generator</name>
		<pose>Unspecified</pose>
		<truncated>0</truncated>
		<difficult>0</difficult>
		<bndbox>
			<xmin>272</xmin>
			<ymin>320</ymin>
			<xmax>370</xmax>
			<ymax>442</ymax>
		</bndbox>
	</object>
	<object>
		<name>portable_generator</name>
		<pose>Unspecified</pose>
		<truncated>0</truncated>
		<difficult>0</difficult>
		<bndbox>
			<xmin>364</xmin>
			<ymin>310</ymin>
			<xmax>471</xmax>
			<ymax>431</ymax>
		</bndbox>
	</object>
</annotation>
