<annotation>
	<folder>train</folder>
	<filename>portable_generator701.jpg</filename>
	<path>D:\GitHub\Meturone\Meturone\UORG\Object Detection\portable_generator\train\portable_generator701.jpg</path>
	<source>
		<database>Unknown</database>
	</source>
	<size>
		<width>512</width>
		<height>512</height>
		<depth>3</depth>
	</size>
	<segmented>0</segmented>
	<object>
		<name>portable_generator</name>
		<pose>Unspecified</pose>
		<truncated>0</truncated>
		<difficult>0</difficult>
		<bndbox>
			<xmin>83</xmin>
			<ymin>67</ymin>
			<xmax>231</xmax>
			<ymax>231</ymax>
		</bndbox>
	</object>
	<object>
		<name>portable_generator</name>
		<pose>Unspecified</pose>
		<truncated>1</truncated>
		<difficult>0</difficult>
		<bndbox>
			<xmin>178</xmin>
			<ymin>1</ymin>
			<xmax>276</xmax>
			<ymax>153</ymax>
		</bndbox>
	</object>
	<object>
		<name>portable_generator</name>
		<pose>Unspecified</pose>
		<truncated>0</truncated>
		<difficult>0</difficult>
		<bndbox>
			<xmin>280</xmin>
			<ymin>6</ymin>
			<xmax>460</xmax>
			<ymax>160</ymax>
		</bndbox>
	</object>
	<object>
		<name>portable_generator</name>
		<pose>Unspecified</pose>
		<truncated>1</truncated>
		<difficult>0</difficult>
		<bndbox>
			<xmin>1</xmin>
			<ymin>264</ymin>
			<xmax>166</xmax>
			<ymax>512</ymax>
		</bndbox>
	</object>
	<object>
		<name>portable_generator</name>
		<pose>Unspecified</pose>
		<truncated>0</truncated>
		<difficult>0</difficult>
		<bndbox>
			<xmin>139</xmin>
			<ymin>248</ymin>
			<xmax>348</xmax>
			<ymax>505</ymax>
		</bndbox>
	</object>
	<object>
		<name>portable_generator</name>
		<pose>Unspecified</pose>
		<truncated>0</truncated>
		<difficult>0</difficult>
		<bndbox>
			<xmin>234</xmin>
			<ymin>161</ymin>
			<xmax>472</xmax>
			<ymax>441</ymax>
		</bndbox>
	</object>
</annotation>
