<annotation>
	<folder>train</folder>
	<filename>portable_generator1878.jpg</filename>
	<path>D:\GitHub\Meturone\Meturone\UORG\Object Detection\portable_generator\train\portable_generator1878.jpg</path>
	<source>
		<database>Unknown</database>
	</source>
	<size>
		<width>512</width>
		<height>512</height>
		<depth>3</depth>
	</size>
	<segmented>0</segmented>
	<object>
		<name>portable_generator</name>
		<pose>Unspecified</pose>
		<truncated>0</truncated>
		<difficult>0</difficult>
		<bndbox>
			<xmin>176</xmin>
			<ymin>5</ymin>
			<xmax>471</xmax>
			<ymax>372</ymax>
		</bndbox>
	</object>
</annotation>
